<?xml version="1.0" encoding="UTF-8"?>
<project-private xmlns="http://www.netbeans.org/ns/project-private/1">
    <editor-bookmarks xmlns="http://www.netbeans.org/ns/editor-bookmarks/2" lastBookmarkId="0"/>
    <open-files xmlns="http://www.netbeans.org/ns/projectui-open-files/2">
        <group>
            <file>file:/C:/Users/Pichau/OneDrive/Documentos/Andreina/Projeto/src/controle/ControleUsuario.java</file>
            <file>file:/C:/Users/Pichau/OneDrive/Documentos/Andreina/Projeto/src/modelo/Objeto.java</file>
            <file>file:/C:/Users/Pichau/OneDrive/Documentos/Andreina/Projeto/src/visao/Sistema.java</file>
            <file>file:/C:/Users/Pichau/OneDrive/Documentos/Andreina/Projeto/src/modelo/Administrador.java</file>
            <file>file:/C:/Users/Pichau/OneDrive/Documentos/Andreina/Projeto/src/controle/ControleObjeto.java</file>
            <file>file:/C:/Users/Pichau/OneDrive/Documentos/Andreina/Projeto/src/modelo/Usuario.java</file>
            <file>file:/C:/Users/Pichau/OneDrive/Documentos/Andreina/Projeto/src/modelo/Solicitacao.java</file>
        </group>
    </open-files>
</project-private>
